table,group,label,entity_scope,segment,material,chain_stage,metric,basis,unit,currency,price_basis,confidence
revenue,Revenue,Rare earth concentrate,segment,Materials,total_REO,concentrate,revenue,contained_REO,USD,USD,not_applicable,high
revenue,Revenue:,Rare earth concentrate,segment,Materials,total_REO,concentrate,revenue,contained_REO,USD,USD,not_applicable,high
revenue,Revenue,NdPr oxide and metal,segment,Materials,NdPr,oxide,revenue,oxide_equivalent,USD,USD,not_applicable,low
revenue,Revenue:,NdPr oxide and metal,segment,Materials,NdPr,oxide,revenue,oxide_equivalent,USD,USD,not_applicable,low
revenue,Revenue,Magnetic precursor products,segment,Magnetics,NdPr,metal,revenue,not_applicable,USD,USD,not_applicable,high
revenue,Revenue,Intersegment eliminations,consolidated,,NdPr,oxide,intersegment_elimination,not_applicable,USD,USD,not_applicable,high
revenue,Revenue,Total revenue,consolidated,,not_applicable,not_applicable,revenue,not_applicable,USD,USD,not_applicable,high
revenue,Revenue:,Total revenue,consolidated,,not_applicable,not_applicable,revenue,not_applicable,USD,USD,not_applicable,high
kpis,Rare earth concentrate,REO Production Volume (MTs),segment,Materials,total_REO,concentrate,production_volume,contained_REO,tonnes,none,not_applicable,high
kpis,Rare earth concentrate,REO Sales Volume (MTs),segment,Materials,total_REO,concentrate,sales_volume,contained_REO,tonnes,none,not_applicable,high
kpis,Rare earth concentrate,Realized Price per REO MT,segment,Materials,total_REO,concentrate,avg_selling_price,contained_REO,USD_per_tonne,USD,basket,high
kpis,Separated NdPr products,NdPr Production Volume (MTs),segment,Materials,NdPr,oxide,production_volume,gross_weight,tonnes,none,not_applicable,high
kpis,Separated NdPr products,NdPr Sales Volume (MTs),segment,Materials,NdPr,oxide,sales_volume,oxide_equivalent,tonnes,none,not_applicable,low
kpis,Separated NdPr products,NdPr Realized Price per KG,segment,Materials,NdPr,oxide,avg_selling_price,oxide_equivalent,USD_per_kg,USD,single_material,low
kpis,Revenue:,Price protection agreement income,segment,Materials,NdPr,oxide,non_revenue_income,not_applicable,USD,USD,not_applicable,high
note_segment,Materials segment,Total Materials segment revenue,segment,Materials,not_applicable,not_applicable,revenue,not_applicable,USD,USD,not_applicable,high
composition,Element,Cerium,site,,Ce,concentrate,composition_pct,contained_REO,percent,none,not_applicable,high
composition,Element,Lanthanum,site,,La,concentrate,composition_pct,contained_REO,percent,none,not_applicable,high
composition,Element,Neodymium-Praseodymium,site,,NdPr,concentrate,composition_pct,contained_REO,percent,none,not_applicable,high
composition,Element,SEG+,site,,SEG+,concentrate,composition_pct,contained_REO,percent,none,not_applicable,high